Synset,isBasic_percentage,IsNotHard_percentage,TimeDiffs_sum,TimeDiffs_average,Depth
ability.n.02,1.0,1.0,48.79,4.879,0.2
accompaniment.n.02,0.1,1.0,33.657000000000004,3.3657000000000004,0.35
act.n.04,1.0,1.0,380.23999999999995,38.023999999999994,0.35
action.n.02,1.0,1.0,13.023,1.3023,0.2
activeness.n.02,0.0,1.0,19.111,1.9111,0.2
activity.n.01,1.0,1.0,9.928,0.9928000000000001,0.25
adar.n.01,0.0,0.9,55.351,5.5351,0.35
administrator.n.01,0.6,0.9,29.636,2.9636,0.45
advertence.n.01,0.2,1.0,26.993,2.6993,
affine.n.01,0.1,1.0,18.112,1.8112,0.45
affray.n.02,0.1,1.0,16.89,1.689,0.4
afternoon.n.01,1.0,1.0,16.817,1.6817,0.3
aid.n.02,0.8,0.8,21.042,2.1042,0.3
air.n.03,1.0,1.0,10.32,1.032,0.2
alcalde.n.01,0.0,1.0,33.861000000000004,3.3861000000000003,0.55
ally.n.02,0.3,0.9,59.400999999999996,5.940099999999999,0.45
american_labor_party.n.01,0.0,1.0,22.139,2.2138999999999998,
amount.n.02,0.9,1.0,20.179000000000002,2.0179,0.25
anagnost.n.01,0.0,1.0,39.188,3.9188,
anapest.n.01,0.0,1.0,10.431000000000001,1.0431000000000001,
answer.n.01,1.0,1.0,12.951,1.2951000000000001,0.25
antilogarithm.n.01,0.0,1.0,23.043,2.3043,
arboriculture.n.01,0.0,1.0,14.083,1.4083,0.65
argument.n.05,0.9,1.0,19.3,1.9300000000000002,0.5
armageddon.n.02,0.2,1.0,28.441,2.8441,0.4
arrest.n.02,0.8,1.0,32.634,3.2634,0.25
art.n.03,1.0,1.0,10.644,1.0644,0.3
art_class.n.01,0.5,1.0,17.89,1.7890000000000001,
art_nouveau.n.01,0.0,1.0,13.586,1.3586,
artwork.n.01,0.7,1.0,13.147,1.3147,0.2
assay.n.03,0.1,1.0,35.833999999999996,3.5833999999999997,0.35
assessment.n.03,0.4,1.0,37.534,3.7534,0.35
associateship.n.01,0.0,1.0,16.246,1.6245999999999998,
athenaeum.n.01,0.0,1.0,13.036,1.3035999999999999,
attempt.n.01,0.8,1.0,26.569,2.6569,0.3
attention.n.01,1.0,1.0,10.831,1.0831,0.3
auspices.n.01,0.0,1.0,18.576,1.8576000000000001,0.45
autolysis.n.01,0.0,1.0,14.084999999999999,1.4084999999999999,0.3
avenue.n.02,0.4,0.7,53.366,5.3366,0.45
back.n.08,1.0,1.0,13.778,1.3778000000000001,0.4
backpacker.n.01,0.1,0.9,21.1,2.1100000000000003,0.5
base.n.08,0.9,1.0,25.152,2.5152,0.4
basis.n.02,0.9,1.0,18.723,1.8722999999999999,0.45
bed.n.03,1.0,1.0,25.29,2.529,0.25
bedtime.n.01,0.8,1.0,25.368000000000002,2.5368000000000004,0.45
beginning.n.02,0.9,1.0,22.543000000000003,2.2543,0.2
behalf.n.01,0.0,1.0,82.441,8.2441,0.5
bell_gable.n.01,0.0,1.0,30.971,3.0971,
bilge.n.02,0.0,1.0,18.46,1.846,0.5
bill.n.03,1.0,1.0,15.274,1.5273999999999999,0.4
blackwater_fever.n.01,0.0,1.0,34.27,3.4270000000000005,
blood_brother.n.02,0.3,1.0,27.702,2.7702,
board.n.01,1.0,1.0,19.631,1.9631,0.4
body.n.02,1.0,1.0,10.9,1.09,0.2
bonding.n.02,0.2,1.0,31.478,3.1478,0.4
book.n.02,1.0,1.0,9.214,0.9214,0.35
boucle.n.01,0.0,0.9,55.605000000000004,5.5605,0.3
branch.n.03,0.6,1.0,13.731,1.3731,0.3
brass_monkey.n.01,0.0,1.0,39.081,3.9081,
breath.n.05,0.9,1.0,17.997,1.7997,0.5
breeze.n.01,0.2,1.0,49.286,4.9286,0.45
bridge_player.n.01,0.0,1.0,27.454,2.7454,0.5
bridgehead.n.02,0.0,1.0,14.017,1.4017,0.35
broadcast_journalist.n.01,0.2,0.9,21.541,2.1541,
brownie.n.01,0.3,1.0,30.998,3.0998,0.55
buddy.n.01,0.6,1.0,12.855,1.2855,0.4
burg.n.01,0.0,1.0,51.127,5.1127,0.45
business.n.01,0.9,0.9,17.408,1.7408000000000001,0.3
businessmen.n.01,0.7,0.9,21.302,2.1302,0.35
caddy.n.01,0.2,0.8,129.03,12.903,0.4
calendar.n.03,1.0,1.0,15.52,1.552,0.3
calendar_month.n.01,0.5,0.9,80.299,8.029900000000001,0.25
calligraphy.n.01,0.1,1.0,28.768,2.8768000000000002,0.3
can.n.01,1.0,1.0,11.273,1.1273,0.35
cantle.n.01,0.0,1.0,88.76100000000001,8.876100000000001,0.45
car.n.01,1.0,1.0,10.062,1.0062,0.55
caravanning.n.01,0.0,1.0,26.728,2.6728,0.45
card.n.08,1.0,1.0,10.523,1.0523,0.35
care.n.01,1.0,0.9,22.095,2.2095,0.35
chalcedony.n.01,0.0,1.0,16.128,1.6128,0.4
chancellor.n.03,0.0,0.9,23.45,2.3449999999999998,0.55
change.n.01,1.0,1.0,23.113,2.3113,0.25
character.n.04,0.9,1.0,13.527,1.3527,0.55
child.n.01,1.0,1.0,10.933,1.0933,0.4
chine.n.02,0.1,0.9,59.164,5.9164,0.4
church.n.01,1.0,1.0,14.238,1.4238,0.35
circumstance.n.03,0.5,0.9,43.137,4.3137,0.25
clasp.n.02,0.0,1.0,73.582,7.358199999999999,0.4
club.n.02,1.0,1.0,10.377,1.0377,0.3
cocktail_lounge.n.01,0.0,1.0,24.296,2.4295999999999998,
colonialist.n.01,0.2,0.9,23.041,2.3041,0.5
colonizer.n.01,0.1,1.0,19.801000000000002,1.9801000000000002,0.5
commercial_enterprise.n.02,0.3,1.0,14.828,1.4828,0.4
committee.n.01,0.4,0.9,24.044,2.4044,0.35
company.n.01,1.0,1.0,17.014,1.7014,0.3
compass_point.n.01,0.1,1.0,42.946999999999996,4.2947,0.25
conclusion.n.08,0.8,0.9,17.048,1.7047999999999999,0.3
condition.n.01,0.8,1.0,14.685,1.4685000000000001,0.2
conjunction.n.05,0.2,1.0,67.259,6.7259,0.35
conservatory.n.02,0.4,0.9,40.97,4.0969999999999995,0.4
continental_shelf.n.01,0.0,1.0,16.155,1.6155000000000002,
contingent.n.02,0.2,0.9,17.813,1.7812999999999999,0.35
contractor.n.02,0.1,0.9,23.48,2.348,0.55
contribution.n.01,0.3,0.9,29.302,2.9302,0.35
convention.n.02,0.4,1.0,444.339,44.4339,0.25
countenance.n.03,0.0,1.0,33.977,3.3976999999999995,0.35
counterbombardment.n.01,0.0,1.0,16.564,1.6564,
country.n.02,1.0,1.0,12.896999999999998,1.2896999999999998,0.35
couple.n.04,1.0,1.0,10.546,1.0546,0.4
course.n.01,1.0,1.0,21.195,2.1195,0.35
crest.n.05,0.1,1.0,30.067999999999998,3.0067999999999997,0.3
cross_section.n.03,0.1,1.0,34.174,3.4173999999999998,
cry.n.01,1.0,1.0,12.382,1.2382,0.25
cusp.n.01,0.0,1.0,45.296,4.5296,0.4
cutaneous_sensation.n.01,0.0,1.0,29.528,2.9528,
dail_eireann.n.01,0.0,1.0,14.857,1.4857,0.4
dance_step.n.01,0.4,0.9,47.708,4.7707999999999995,0.45
daub.n.01,0.0,1.0,36.568999999999996,3.6568999999999994,0.45
day.n.04,1.0,1.0,13.796000000000001,1.3796000000000002,0.25
deal.n.01,0.9,0.9,25.363,2.5362999999999998,0.35
death.n.04,1.0,1.0,11.906,1.1906,0.25
decision.n.01,1.0,1.0,13.225999999999999,1.3226,0.35
degree.n.02,1.0,1.0,13.038,1.3038,0.2
demonstrative_pronoun.n.01,0.1,1.0,24.295,2.4295,0.4
deposition.n.01,0.1,1.0,21.777,2.1777,0.25
descant.n.01,0.1,1.0,35.521,3.5521000000000003,0.4
desensitization_technique.n.01,0.0,1.0,13.491999999999999,1.3492,
designation.n.03,0.0,1.0,18.04,1.8039999999999998,0.35
detail.n.01,1.0,0.9,12.544,1.2544,0.3
determination.n.02,0.6,1.0,18.504,1.8504,0.25
diminution.n.02,0.1,0.8,24.759,2.4759,0.4
direction.n.06,0.9,0.9,29.628,2.9628,0.2
discovery.n.01,0.9,1.0,14.339,1.4339,0.25
discussion.n.02,0.9,1.0,29.065,2.9065000000000003,0.25
distaff.n.01,0.1,1.0,28.432,2.8432,0.35
doggedness.n.01,0.0,1.0,27.512999999999998,2.7512999999999996,0.3
domain.n.02,0.6,1.0,18.479,1.8478999999999999,0.25
double_blind.n.01,0.0,1.0,25.442999999999998,2.5443,
doubleton.n.01,0.0,1.0,24.699,2.4699,
draft_board.n.01,0.2,1.0,23.59,2.359,
dwelling.n.01,0.0,1.0,46.384,4.6384,0.35
dynamism.n.03,0.2,0.9,24.572000000000003,2.4572000000000003,0.25
early-morning_hour.n.01,0.0,1.0,18.289,1.8289000000000002,
earning_per_share.n.01,0.0,1.0,26.262,2.6262,
earth.n.02,1.0,1.0,14.888,1.4888,0.3
eastern_church.n.02,0.0,1.0,29.957,2.9957000000000003,
edition.n.03,0.9,0.9,17.481,1.7481000000000002,0.55
education.n.01,0.9,0.9,26.522000000000002,2.6522,0.3
effect.n.06,1.0,1.0,16.686,1.6686,0.35
end.n.11,1.0,1.0,11.274000000000001,1.1274000000000002,0.4
enfilade.n.01,0.0,1.0,17.538,1.7538,0.4
esteem.n.01,0.1,1.0,30.468,3.0468,0.35
estimate.n.01,0.6,1.0,46.611,4.661099999999999,0.45
examination.n.02,0.3,1.0,25.410999999999998,2.5410999999999997,0.3
executive_clemency.n.01,0.0,1.0,25.168,2.5168,
exemplar.n.01,0.4,0.9,52.754,5.275399999999999,0.35
experience.n.02,1.0,1.0,15.256,1.5256,0.25
exploitation.n.01,0.2,0.9,31.314,3.1314,0.35
eye-beaming.n.01,0.0,1.0,23.997,2.3997,
eye.n.01,1.0,1.0,8.713,0.8713,0.35
fabric.n.01,0.5,0.9,62.809,6.2809,0.25
face.n.01,1.0,1.0,12.162,1.2162000000000002,0.3
fact.n.01,1.0,1.0,11.61,1.161,0.25
fall.n.06,1.0,1.0,10.519,1.0519,0.4
family.n.08,1.0,1.0,12.43,1.2429999999999999,0.3
feeling.n.06,1.0,1.0,12.905,1.2905,0.35
fiefdom.n.01,0.0,1.0,28.927,2.8927,0.3
field.n.01,1.0,1.0,8.934,0.8934,0.35
fight.n.02,1.0,1.0,14.708,1.4708,0.35
fire.n.02,0.9,1.0,10.896,1.0896000000000001,0.4
flower.n.03,1.0,1.0,10.528,1.0528,0.25
footrace.n.01,0.0,1.0,23.481,2.3481,0.35
fork.n.03,1.0,1.0,15.013,1.5013,0.35
form.n.03,1.0,1.0,45.567,4.5567,0.25
founder.n.02,0.8,1.0,37.352,3.7352,0.45
fresco.n.01,0.4,1.0,40.517,4.0517,0.5
friend.n.01,1.0,1.0,11.315999999999999,1.1316,0.35
front.n.04,0.9,1.0,23.094,2.3094,0.35
fun.n.02,1.0,1.0,45.972,4.5972,0.25
function.n.03,0.9,0.8,227.025,22.7025,0.4
gazette.n.01,0.1,1.0,28.07,2.807,0.5
gibson_girl.n.01,0.0,1.0,12.222999999999999,1.2223,
glissade.n.01,0.0,1.0,22.192,2.2192,0.5
glow.n.05,0.5,0.9,136.774,13.6774,0.55
godhead.n.01,0.0,1.0,36.332,3.6332,0.4
golden_age.n.01,0.3,1.0,20.003,2.0003,
grave.n.01,0.7,1.0,23.058,2.3058,0.3
greece.n.02,0.5,1.0,14.849,1.4849,0.5
ground.n.05,0.8,0.9,119.839,11.9839,0.3
guess.n.02,0.9,1.0,13.414,1.3414,0.5
habit.n.02,0.9,0.9,19.191,1.9190999999999998,0.45
hairy_tongue.n.01,0.0,1.0,16.438,1.6438,
hammerlock.n.01,0.0,0.9,35.471999999999994,3.5471999999999992,0.55
handle.n.01,0.8,1.0,68.517,6.851699999999999,0.25
handwriting.n.01,0.6,0.9,22.96,2.2960000000000003,0.25
head.n.04,1.0,1.0,10.715,1.0715,0.4
heading.n.01,0.3,1.0,38.706999999999994,3.8706999999999994,0.4
hearing.n.05,0.5,1.0,35.528,3.5528,0.4
hegemon.n.01,0.0,1.0,20.061999999999998,2.0061999999999998,0.45
helpmate.n.01,0.3,0.8,32.574,3.2573999999999996,0.45
hermitage.n.01,0.2,1.0,14.871,1.4871,0.4
higher_law.n.01,0.1,0.8,34.332,3.4332000000000003,
hired_hand.n.01,0.0,1.0,34.677,3.4677,0.55
hit.n.03,1.0,1.0,16.706,1.6705999999999999,0.45
holy_order.n.01,0.1,1.0,22.763,2.2763,0.25
holy_year.n.01,0.1,1.0,21.811,2.1811,
homo.n.02,0.7,0.9,22.972,2.2972,0.65
homo_sapiens.n.01,0.4,0.9,19.797,1.9797,
hope.n.02,1.0,1.0,18.032,1.8032,0.25
hosanna.n.01,0.0,1.0,619.33,61.93300000000001,0.3
hose.n.03,0.3,1.0,84.44,8.443999999999999,0.45
hour.n.02,1.0,1.0,10.827,1.0827,0.4
house.n.05,1.0,1.0,10.271,1.0271000000000001,0.35
human_body.n.01,0.8,0.8,26.12,2.612,0.3
hypothesis.n.02,0.3,0.9,25.267,2.5267,0.35
illustration.n.01,0.4,0.9,31.793,3.1793,0.25
impudence.n.01,0.2,1.0,18.267,1.8267,0.25
incandescence.n.02,0.0,1.0,15.061,1.5061,0.3
incipiency.n.01,0.0,1.0,28.509,2.8509,
increase.n.03,0.8,1.0,15.296000000000001,1.5296,0.15
infantry.n.01,0.2,1.0,22.081,2.2081,0.4
instruction.n.04,0.9,1.0,33.655,3.3655,0.35
interest.n.03,1.0,0.9,72.767,7.2767,0.25
intrigue.n.01,0.0,0.9,28.959,2.8959,0.5
inversion.n.08,0.7,1.0,43.69,4.369,0.4
island.n.01,1.0,1.0,11.774,1.1774,0.2
issue.n.02,0.9,0.9,20.811,2.0811,0.5
jihad.n.01,0.3,0.9,25.964,2.5964,0.4
jocosity.n.01,0.0,1.0,20.576,2.0576,0.3
jotter.n.01,0.0,0.9,30.174999999999997,3.0174999999999996,
judge.n.01,0.9,0.9,32.344,3.2344,0.5
judgment.n.01,0.9,0.9,21.714,2.1713999999999998,0.35
juggernaut.n.01,0.0,1.0,12.309000000000001,1.2309,0.2
justification.n.01,0.4,1.0,33.622,3.3622,0.3
kernel.n.03,0.0,1.0,31.148,3.1148,0.25
kin.n.01,0.2,0.7,69.867,6.986700000000001,0.4
kind.n.01,1.0,1.0,16.035,1.6035,0.4
koinonia.n.01,0.0,1.0,13.155999999999999,1.3155999999999999,
ladies'_room.n.01,0.5,0.9,35.051,3.5051,
lady's_smock.n.01,0.0,1.0,22.468,2.2468,
land.n.02,1.0,1.0,11.535,1.1535,0.15
lateral_thinking.n.01,0.0,1.0,35.492,3.5492,
latest.n.01,0.9,0.8,19.28,1.9280000000000002,0.3
left.n.02,1.0,1.0,44.815,4.4815,0.35
libidinal_energy.n.01,0.0,1.0,14.645,1.4645,
light.n.01,1.0,1.0,10.132,1.0131999999999999,0.5
lighter.n.02,0.8,1.0,25.121,2.5120999999999998,0.35
line.n.29,1.0,1.0,17.776,1.7776,0.4
lineage.n.01,0.0,1.0,24.566,2.4566,0.3
link.n.06,1.0,1.0,14.336,1.4336,0.4
logjam.n.01,0.0,1.0,20.275,2.0275,0.3
look.n.02,1.0,1.0,13.148,1.3148,0.4
looseness.n.05,0.1,1.0,33.31,3.3310000000000004,0.3
luminosity.n.01,0.5,1.0,79.949,7.9948999999999995,0.25
mafia.n.01,0.4,0.9,37.397,3.7397,0.3
magazine.n.03,1.0,1.0,16.44,1.6440000000000001,0.45
mainstream.n.01,0.5,1.0,28.689,2.8689,0.35
male_child.n.01,0.9,1.0,30.224,3.0224,0.4
man.n.10,1.0,1.0,9.423,0.9423,0.4
management.n.01,0.9,1.0,23.19,2.319,0.35
manipulation.n.01,0.2,0.8,34.524,3.4524,0.35
margin.n.05,0.7,0.8,32.267,3.2267,0.4
meaning.n.02,1.0,1.0,17.329,1.7329,0.3
means.n.01,1.0,1.0,16.045,1.6045000000000003,0.3
meat_and_potatoes.n.01,0.6,1.0,23.156,2.3156,
meeting.n.03,1.0,1.0,13.811,1.3811,0.3
meritocracy.n.01,0.1,0.9,35.976,3.5976,0.25
message.n.02,1.0,1.0,10.85,1.085,0.15
meteortropism.n.01,0.0,1.0,16.366,1.6366,
meter.n.03,0.9,0.9,43.705,4.3705,0.4
military_action.n.01,0.4,1.0,16.591,1.6591,0.3
military_position.n.01,0.2,1.0,31.228,3.1228000000000002,0.25
military_unit.n.01,0.3,0.9,511.822,51.1822,0.3
millenary.n.03,0.3,0.9,26.771,2.6771000000000003,0.4
mind_game.n.02,0.2,1.0,18.248,1.8248000000000002,
mire.n.01,0.0,1.0,65.681,6.568099999999999,0.3
model_t.n.01,0.0,1.0,16.804,1.6804,
moment.n.01,1.0,1.0,12.147,1.2147000000000001,0.2
monetary_value.n.01,0.2,1.0,27.076,2.7076000000000002,0.3
money.n.01,1.0,1.0,11.289,1.1289,0.3
motion.n.03,0.8,0.8,41.748,4.174799999999999,0.35
motivation.n.01,0.9,1.0,16.117,1.6117000000000001,0.15
movement.n.04,1.0,1.0,17.642,1.7642,0.2
movie.n.01,1.0,1.0,15.511,1.5511,0.35
mull.n.01,0.1,1.0,45.454,4.5454,0.3
multitude.n.03,0.4,1.0,23.275,2.3274999999999997,0.15
multitudinousness.n.01,0.0,1.0,13.367,1.3367,
muse.n.02,0.3,0.7,47.278,4.7278,0.4
music.n.01,1.0,1.0,11.638,1.1638,0.2
myringotomy.n.01,0.0,1.0,17.592,1.7591999999999999,
narrow.n.01,0.5,0.8,40.557,4.0557,0.3
nation.n.02,1.0,1.0,12.211,1.2211,0.2
natural_order.n.01,0.2,0.8,44.049,4.4049,
natural_process.n.01,0.3,0.7,26.712,2.6712,0.15
nature_study.n.01,0.2,1.0,28.883000000000003,2.8883,
need.n.01,0.9,1.0,21.005,2.1005,0.25
news.n.01,1.0,1.0,18.673,1.8672999999999997,0.25
newspaper.n.01,1.0,1.0,20.614,2.0614,0.45
niche.n.01,0.0,0.9,47.855000000000004,4.785500000000001,0.35
nook_and_cranny.n.01,0.0,1.0,47.578,4.7578000000000005,
nose_cone.n.01,0.0,1.0,28.330000000000002,2.833,0.4
number.n.01,1.0,1.0,12.497,1.2497,0.3
numeral.n.01,0.6,1.0,34.926,3.4926000000000004,0.25
obiter_dictum.n.02,0.0,1.0,20.205000000000002,2.0205,0.4
oblateness.n.01,0.0,1.0,15.559,1.5558999999999998,0.4
obstacle_race.n.01,0.2,0.9,30.91,3.091,
oeuvre.n.01,0.1,0.9,16.146,1.6146,0.4
office.n.04,1.0,1.0,15.263,1.5263,0.2
opinion.n.04,1.0,1.0,13.104,1.3104,0.35
opportunity.n.01,0.7,1.0,14.489,1.4489,0.3
outtake.n.01,0.1,1.0,20.637999999999998,2.0637999999999996,0.45
pace.n.03,0.7,1.0,58.84,5.884,0.25
painting.n.01,1.0,0.9,31.826999999999998,3.1826999999999996,0.4
palestra.n.01,0.4,0.9,77.473,7.7473,0.4
paratroops.n.01,0.0,1.0,21.509,2.1509,0.45
part.n.09,1.0,1.0,159.324,15.932400000000001,0.35
particular.n.01,1.0,0.9,16.684,1.6684,0.3
party.n.01,1.0,1.0,9.136000000000001,0.9136000000000001,0.25
peak.n.04,0.6,0.9,86.684,8.6684,0.3
peeper.n.02,0.0,1.0,45.39,4.539,0.4
penny_ante.n.01,0.0,1.0,21.026,2.1026,
peroration.n.02,0.0,1.0,23.221,2.3221,0.35
person.n.02,1.0,1.0,27.396,2.7396000000000003,0.35
picture.n.01,1.0,0.9,18.043,1.8043,0.35
pillar_of_islam.n.01,0.1,1.0,22.38,2.238,
pinnacle.n.03,0.1,1.0,40.979,4.0979,0.35
pinpoint.n.01,0.0,1.0,25.387999999999998,2.5387999999999997,0.25
place.n.10,1.0,1.0,13.818999999999999,1.3819,0.3
play.n.06,1.0,1.0,11.57,1.157,0.35
playing_field.n.02,0.6,0.9,46.876,4.6876,0.35
plea_bargain.n.01,0.0,1.0,30.171,3.0171,
plot.n.01,1.0,1.0,13.631,1.3631,0.45
plot_element.n.01,0.0,1.0,31.722,3.1722,
point.n.01,1.0,1.0,11.891,1.1891,0.45
police.n.01,1.0,1.0,11.309000000000001,1.1309,0.45
pommel.n.01,0.0,1.0,100.779,10.0779,0.3
pop_quiz.n.01,0.4,0.9,19.843,1.9843,
position.n.06,1.0,1.0,10.728,1.0728,0.35
post.n.01,1.0,1.0,13.245000000000001,1.3245,0.3
poverty_trap.n.01,0.1,1.0,30.888,3.0888,
power.n.05,1.0,1.0,16.792,1.6792000000000002,0.15
predetermination.n.02,0.1,1.0,16.479,1.6479,0.45
price.n.02,1.0,1.0,13.242,1.3242,0.35
principal.n.02,0.8,1.0,15.657,1.5657,0.5
principle.n.01,0.7,1.0,37.208999999999996,3.7208999999999994,0.35
probability.n.01,0.8,1.0,29.776999999999997,2.9776999999999996,0.15
procedure.n.01,0.8,0.9,22.997,2.2997,0.3
process.n.05,0.9,0.9,13.471,1.3471,0.25
prodigy.n.03,0.1,1.0,18.279,1.8279,0.4
promise.n.02,0.8,1.0,15.562,1.5562,0.35
promontory.n.01,0.0,1.0,15.22,1.522,0.25
promptness.n.01,0.0,1.0,15.874,1.5874000000000001,0.35
protocol.n.03,0.5,0.8,27.181,2.7181,0.35
provision.n.04,0.1,1.0,15.379999999999999,1.5379999999999998,0.6
puppetry.n.01,0.0,1.0,20.17,2.0170000000000003,0.35
qing.n.01,0.0,1.0,13.633000000000001,1.3633000000000002,0.45
quality.n.03,0.9,0.9,14.764,1.4764,0.4
quantity.n.02,1.0,1.0,11.206,1.1206,0.3
quickening.n.02,0.1,1.0,38.103,3.8103000000000002,0.25
radiator_cap.n.01,0.0,1.0,14.790000000000001,1.479,
rainbow.n.02,0.9,0.9,17.2,1.72,0.4
rate.n.01,0.9,1.0,17.307,1.7307,0.2
reaction.n.03,0.9,1.0,15.616,1.5615999999999999,0.25
reading.n.03,1.0,0.9,14.891,1.4891,0.3
real_world.n.01,0.8,0.9,21.319,2.1319,
record.n.05,1.0,1.0,25.777,2.5777,0.3
recording_studio.n.01,0.2,1.0,14.979,1.4979,
region.n.01,1.0,1.0,11.738,1.1738,0.2
relative.n.01,1.0,1.0,26.686,2.6686,0.35
report.n.01,0.9,0.9,28.06,2.806,0.3
reputation.n.03,0.6,1.0,20.32,2.032,0.35
rescript.n.01,0.1,1.0,30.405,3.0405,0.3
respect.n.03,1.0,1.0,16.323999999999998,1.6323999999999999,0.25
rest.n.02,1.0,0.9,15.597,1.5596999999999999,0.3
return_on_invested_capital.n.01,0.0,1.0,36.712,3.6712000000000002,0.3
road_rage.n.01,0.0,1.0,31.328,3.1328,
room.n.01,1.0,1.0,13.23,1.323,0.35
royal_road.n.01,0.3,1.0,30.45,3.045,
rubicon.n.02,0.0,1.0,11.877,1.1877,0.45
rule.n.11,1.0,1.0,9.265,0.9265000000000001,0.35
running.n.03,0.8,1.0,20.428,2.0428,0.3
ruse.n.01,0.0,1.0,28.703,2.8703,0.5
safety_match.n.01,0.2,1.0,21.355,2.1355,
sanctimoniousness.n.01,0.0,1.0,22.836,2.2836,0.5
sanguinity.n.01,0.0,1.0,16.971,1.6971,
sawhorse.n.01,0.0,1.0,240.98799999999997,24.098799999999997,0.4
say.n.01,1.0,1.0,19.95,1.9949999999999999,0.35
scene.n.04,1.0,1.0,21.03,2.103,0.4
school.n.02,1.0,1.0,8.791,0.8791,0.35
schutzstaffel.n.01,0.0,0.9,27.226,2.7226,0.5
sea-duty.n.01,0.0,1.0,45.296,4.5296,
second_nature.n.01,0.3,1.0,51.321,5.132099999999999,
secondo.n.01,0.2,1.0,19.591,1.9591,0.35
set.n.05,1.0,1.0,12.816,1.2816,0.2
shadow_cabinet.n.01,0.0,1.0,24.517,2.4516999999999998,
shape.n.01,1.0,1.0,10.987,1.0987,0.25
share.n.01,1.0,1.0,61.772,6.1772,0.25
ship's_company.n.01,0.0,1.0,18.581,1.8580999999999999,0.4
shiva.n.01,0.0,1.0,31.57,3.157,0.3
shooting.n.01,0.7,0.9,17.64,1.764,0.3
show-stopper.n.01,0.0,1.0,31.760999999999996,3.1760999999999995,0.4
shrillness.n.01,0.0,1.0,55.334999999999994,5.533499999999999,0.3
side.n.04,1.0,1.0,27.92,2.7920000000000003,0.4
side_yard.n.01,0.1,1.0,17.491,1.7490999999999999,
sign.n.01,1.0,1.0,11.053,1.1053000000000002,0.3
silver_certificate.n.01,0.0,1.0,29.928,2.9928,
situation.n.02,0.9,1.0,12.124,1.2124000000000001,0.25
sleeper.n.09,0.5,1.0,33.877,3.3877,0.5
slush.n.01,0.0,1.0,48.591,4.8591,0.5
snap.n.02,0.4,1.0,28.482,2.8482,0.35
soubrette.n.02,0.0,0.9,20.655,2.0655,0.65
sound.n.01,1.0,1.0,11.042,1.1042,0.25
source.n.03,0.9,1.0,18.062,1.8062,0.35
south_sea_islands.n.01,0.2,0.9,64.321,6.4321,
southwest_by_west.n.01,0.0,1.0,17.944,1.7944,
space.n.07,1.0,1.0,16.108,1.6108,0.35
spaghetti_western.n.01,0.0,1.0,21.236,2.1236,
speech.n.02,1.0,0.9,21.252,2.1252,0.2
sphere.n.01,0.8,0.9,22.203,2.2203,0.3
spinal_column.n.01,0.2,0.9,23.267,2.3266999999999998,0.35
spirit.n.04,1.0,0.9,12.957,1.2957,0.35
sprachgefuhl.n.01,0.0,0.9,63.454,6.3454,
start.n.01,1.0,1.0,11.536999999999999,1.1537,0.3
stationary_stochastic_process.n.01,0.0,1.0,18.067,1.8067,
stature.n.01,0.3,1.0,37.017,3.7017,0.4
step.n.03,1.0,1.0,12.06,1.206,0.45
stopcock.n.01,0.0,1.0,14.985,1.4985,0.55
store.n.02,1.0,1.0,14.728,1.4727999999999999,0.55
strait.n.01,0.2,1.0,60.516999999999996,6.051699999999999,0.25
strand.n.01,0.0,1.0,47.12,4.712,0.3
strange_attractor.n.01,0.0,1.0,21.276,2.1276,
street.n.01,1.0,1.0,9.502,0.9502,0.4
stripe.n.04,0.4,0.9,68.788,6.8788,0.45
striving.n.01,0.0,1.0,15.291,1.5291000000000001,0.35
stuff.n.07,1.0,1.0,16.565,1.6565,0.3
subsidization.n.01,0.0,1.0,13.893,1.3893,0.35
subsistence.n.01,0.0,1.0,25.846,2.5846,0.35
succubus.n.01,0.1,1.0,25.608,2.5608,0.5
sum.n.01,1.0,1.0,15.706,1.5706,0.25
support.n.06,0.9,1.0,16.583,1.6582999999999999,0.3
support_level.n.01,0.2,1.0,21.493,2.1492999999999998,
supporter.n.01,0.7,1.0,20.868000000000002,2.0868,0.4
swiss.n.01,0.5,1.0,21.366,2.1366,0.25
syndicate.n.01,0.1,0.9,23.808,2.3808,0.25
system.n.02,0.9,0.9,30.667,3.0667,0.15
table.n.01,1.0,1.0,10.348,1.0348000000000002,0.25
talk.n.01,1.0,1.0,14.747,1.4747,0.3
tempestuousness.n.01,0.0,1.0,13.329,1.3329,
terror.n.03,0.9,1.0,11.332,1.1332,0.5
test.n.05,1.0,1.0,12.424,1.2424,0.35
texture.n.02,0.8,0.9,40.939,4.0939,0.45
thelarche.n.01,0.0,1.0,14.506,1.4506000000000001,
theme.n.03,0.8,0.9,56.581999999999994,5.658199999999999,0.3
thing.n.04,1.0,1.0,14.161,1.4161,0.25
thinking.n.01,0.9,1.0,171.137,17.1137,0.3
thought.n.03,1.0,1.0,37.157,3.7156999999999996,0.3
thousand.n.01,1.0,0.9,196.618,19.6618,0.35
time.n.03,1.0,1.0,8.18,0.818,0.25
title.n.01,1.0,1.0,10.837,1.0836999999999999,0.45
toilet.n.01,1.0,1.0,12.722000000000001,1.2722000000000002,0.4
token.n.02,0.6,1.0,14.913,1.4913,0.35
toleration.n.02,0.1,0.9,19.26,1.9260000000000002,0.5
top.n.09,1.0,1.0,17.999,1.7998999999999998,0.3
touch.n.10,1.0,1.0,14.62,1.462,0.35
town.n.01,1.0,1.0,17.509999999999998,1.751,0.4
trestle.n.02,0.0,1.0,12.216,1.2216,0.45
trinity.n.02,0.2,1.0,18.284,1.8283999999999998,0.45
trip.n.06,1.0,1.0,9.834,0.9833999999999999,0.5
undertone.n.02,0.2,0.9,34.751,3.4751,0.35
undivided_interest.n.01,0.0,1.0,18.073999999999998,1.8074,
union_shop.n.01,0.1,1.0,13988.264,1398.8264,
unitization.n.04,0.0,1.0,20.005,2.0004999999999997,
universe.n.01,1.0,1.0,67.39,6.739,0.25
urgency.n.01,0.5,0.9,29.482,2.9482,0.35
use.n.01,1.0,1.0,21.555,2.1555,0.3
value.n.01,1.0,1.0,9.824,0.9823999999999999,0.45
velleity.n.01,0.0,1.0,25.585,2.5585,
vibration.n.04,0.4,1.0,22.892,2.2892,0.25
viewgraph.n.01,0.0,1.0,19.917,1.9917000000000002,0.45
viewing_audience.n.01,0.2,1.0,25.068,2.5068,0.25
violence.n.01,1.0,1.0,24.174,2.4173999999999998,0.35
vitamin_pill.n.01,0.4,0.6,41.126000000000005,4.1126000000000005,
voice.n.01,1.0,1.0,14.008,1.4007999999999998,0.3
wall.n.01,1.0,1.0,82.63000000000001,8.263000000000002,0.35
war.n.01,1.0,1.0,33.025,3.3024999999999998,0.35
water.n.01,1.0,1.0,17.945,1.7945,0.45
way.n.06,1.0,1.0,10.111,1.0111,0.25
weather.n.01,1.0,1.0,21.939999999999998,2.194,0.35
weeder.n.01,0.0,1.0,91.33,9.133,0.65
week.n.01,1.0,1.0,11.989,1.1989,0.25
white.n.11,1.0,1.0,11.945,1.1945000000000001,0.45
whole.n.02,1.0,1.0,12.526,1.2526,0.15
wiggliness.n.01,0.0,1.0,14.4,1.44,
wish.n.01,1.0,0.9,23.289,2.3289,0.3
woman.n.01,1.0,1.0,12.573,1.2573,0.4
word.n.01,1.0,1.0,10.766,1.0766,0.25
work_force.n.01,0.4,1.0,52.288000000000004,5.228800000000001,0.3
workplace.n.01,0.6,0.8,237.279,23.727899999999998,0.3
workshop.n.02,0.5,0.9,24.265,2.4265,0.4
world_power.n.01,0.2,1.0,35.229,3.5229,0.4
writer.n.01,1.0,0.9,44.58,4.458,0.4
writing.n.03,1.0,1.0,11.269,1.1269,0.45
yak.n.01,0.1,0.9,46.554,4.6554,0.35
year.n.01,1.0,1.0,11.184000000000001,1.1184,0.25
